ABACK, ABASE, ABATE, ABBEY, ABHOR, ABIDE, ABOUT, ABOVE, ABYSS, ACORN, ACRID, ACTOR, ACUTE, ADAGE, ADAPT, ADEPT, ADMIN, ADMIT, ADOBE, ADOPT, ADORE, ADULT, AFFIX, AFTER, AGAIN, AGAPE, AGATE, AGENT, AGILE, AGING, AGLOW, AGONY, AGREE, AHEAD, AISLE, ALARM, ALBUM, ALERT, ALIEN, ALIKE, ALIVE, ALLOW, ALOFT, ALONE, ALONG, ALOOF, ALOUD, ALPHA, ALTAR, ALTER, AMASS, AMBER, AMBLE, AMISS, AMONG, AMPLE, AMUSE, ANGEL, ANGER, ANGLE, ANGRY, ANGST, ANNEX, ANNOY, ANODE, ANTIC, ANVIL, AORTA, APART, APHID, APPLE, APPLY, APRON, APTLY, ARBOR, ARDOR, ARGUE, ARISE, AROMA, ARROW, ARTSY, ASCOT, ASHEN, ASIDE, ASKEW, ASSAY, ASSET, ATLAS, ATOLL, ATONE, ATRIA, AUDIO, AUDIT, AVAIL, AVERT, AWAIT, AWAKE, AWARD, AWARE, AWASH, AWFUL, AWOKE, AXIOM, AZURE, BACON, BADGE, BADLY, BAGEL, BAKER, BALER, BALMY, BALSA, BANAL, BANJO, BARGE, BASIC, BASIN, BASTE, BATHE, BATON, BATTY, BAWDY, BAYOU, BEACH, BEADY, BEARD, BEAST, BEAUT, BEEFY, BEGET, BEGIN, BEING, BELCH, BELIE, BELLY, BELOW, BENCH, BERET, BERTH, BESET, BEVEL, BICEP, BILGE, BINGE, BIOME, BIRCH, BIRTH, BLACK, BLADE, BLAME, BLAND, BLANK, BLARE, BLAZE, BLEAK, BLEED, BLEEP, BLEND, BLIMP, BLINK, BLISS, BLOCK, BLOKE, BLOND, BLOWN, BLUFF, BLUNT, BLURB, BLURT, BLUSH, BOARD, BOAST, BONGO, BONUS, BOOBY, BOOST, BOOTY, BOOZE, BOOZY, BORAX, BORNE, BOSSY, BOUGH, BOXER, BRACE, BRAID, BRAIN, BRAKE, BRAND, BRASH, BRASS, BRAVE, BRAVO, BRAWN, BREAD, BREAK, BREED, BRIAR, BRIBE, BRIDE, BRIEF, BRINE, BRING, BRINK, BRINY, BRISK, BROAD, BROKE, BROOK, BROOM, BROTH, BROWN, BRUSH, BRUTE, BUDDY, BUGGY, BUGLE, BUILD, BUILT, BULGE, BULKY, BULLY, BUNCH, BUNNY, BURLY, BURNT, CABLE, CACAO, CACHE, CACTI, CADET, CAMEL, CAMEO, CANDY, CANNY, CANOE, CANON, CAPER, CARAT, CARGO, CAROL, CARRY, CARVE, CATCH, CATER, CATTY, CAULK, CAUSE, CEASE, CEDAR, CHAFE, CHAIN, CHAIR, CHALK, CHAMP, CHANT, CHAOS, CHARD, CHARM, CHART, CHASE, CHEAP, CHEAT, CHECK, CHEEK, CHEER, CHEST, CHIEF, CHILD, CHILL, CHIME, CHIRP, CHOCK, CHOIR, CHOKE, CHORD, CHORE, CHOSE, CHUNK, CHUTE, CIDER, CIGAR, CINCH, CIRCA, CIVIC, CIVIL, CLAMP, CLASH, CLASS, CLEAN, CLEAR, CLEFT, CLERK, CLICK, CLIMB, CLING, CLOAK, CLOCK, CLONE, CLOSE, CLOTH, CLOUD, CLOVE, CLOWN, CLUCK, CLUNG, COACH, COAST, COCOA, COLIC, COLON, COMET, COMFY, COMMA, CONDO, CONIC, CORAL, CORER, CORNY, COULD, COUNT, COURT, COVEN, COVER, COVET, COWER, COYLY, CRAFT, CRAMP, CRANE, CRANK, CRASS, CRATE, CRAVE, CRAWL, CRAZE, CRAZY, CREAK, CREAM, CREDO, CREPE, CREPT, CREST, CRIME, CRIMP, CRISP, CROAK, CRONE, CROOK, CROSS, CROWD, CROWN, CRUMB, CRUSH, CRUST, CRYPT, CUMIN, CURIO, CURLY, CURSE, CURVE, CYBER, CYNIC, DADDY, DAISY, DALLY, DANCE, DANDY, DATUM, DAUNT, DEATH, DEBIT, DEBUG, DEBUT, DECAL, DECAY, DECOY, DECRY, DEFER, DEITY, DELAY, DELTA, DELVE, DENIM, DEPOT, DEPTH, DETER, DETOX, DEUCE, DEVIL, DIARY, DICEY, DIGIT, DINER, DINGO, DINGY, DIRGE, DISCO, DITTO, DITTY, DODGE, DOGMA, DOING, DOLLY, DONOR, DONUT, DOPEY, DOUBT, DOUGH, DOWEL, DOWRY, DOZEN, DRAFT, DRAIN, DRAPE, DRAWN, DREAD, DREAM, DRIFT, DRILL, DRINK, DRIVE, DROLL, DRONE, DROOL, DROOP, DROVE, DRYER, DUCHY, DUMMY, DUTCH, DUVET, DWARF, DWELL, DWELT, EAGER, EAGLE, EARLY, EARTH, EASEL, EBONY, EDICT, EDIFY, EGRET, EJECT, ELATE, ELBOW, ELDER, ELITE, ELOPE, ELUDE, EMAIL, EMBER, EMPTY, ENACT, ENDOW, ENEMA, ENJOY, ENNUI, ENSUE, ENTER, EPOCH, EPOXY, EQUAL, EQUIP, ERODE, ERROR, ERUPT, ESSAY, ETHER, ETHIC, ETHOS, EVADE, EVENT, EVERY, EVOKE, EXACT, EXALT, EXCEL, EXERT, EXILE, EXIST, EXPEL, EXTOL, EXTRA, EXULT, FACET, FAINT, FAITH, FALSE, FANCY, FARCE, FAULT, FAVOR, FEAST, FEIGN, FERAL, FERRY, FETCH, FETID, FEVER, FEWER, FIBER, FIELD, FIEND, FIFTH, FIFTY, FILET, FINAL, FINCH, FINER, FIRST, FISHY, FIXER, FJORD, FLAIL, FLAIR, FLAKE, FLAME, FLANK, FLARE, FLASH, FLASK, FLESH, FLICK, FLING, FLINT, FLIRT, FLOAT, FLOCK, FLOOD, FLOOR, FLORA, FLOSS, FLOUR, FLOUT, FLOWN, FLUFF, FLUME, FLUNG, FLUNK, FLYER, FOAMY, FOCAL, FOCUS, FOGGY, FOIST, FOLIO, FOLLY, FORAY, FORCE, FORGE, FORGO, FORTE, FORTH, FORTY, FORUM, FOUND, FOYER, FRAIL, FRAME, FRANK, FRESH, FRIED, FRILL, FRITZ, FROCK, FROND, FRONT, FROST, FROTH, FROWN, FROZE, FUGUE, FULLY, FUNGI, FUNKY, FUNNY, FUZZY, GAMER, GAMMA, GAMUT, GAUDY, GAUGE, GAUNT, GAUZE, GAWKY, GECKO, GEESE, GENIE, GENRE, GHOST, GHOUL, GIANT, GIDDY, GIRTH, GIVEN, GIZMO, GLADE, GLAND, GLARE, GLASS, GLAZE, GLEAM, GLEAN, GLIDE, GLOAT, GLOBE, GLOOM, GLORY, GLOVE, GLYPH, GNASH, GNOME, GOFER, GOING, GOLEM, GONER, GOODY, GOOEY, GOOFY, GOOSE, GORGE, GOUGE, GRACE, GRADE, GRAFT, GRAIL, GRAIN, GRAND, GRANT, GRAPH, GRASP, GRATE, GRAVE, GREAT, GREED, GREEN, GREET, GRIEF, GRIFT, GRIME, GRIMY, GRIND, GRIPE, GROAN, GROIN, GROOM, GROSS, GROUP, GROUT, GROVE, GROWL, GROWN, GRUEL, GRUFF, GUANO, GUARD, GUEST, GUIDE, GUILD, GUILE, GUISE, GULLY, GUMMY, GUPPY, GUSTY, HABIT, HAIRY, HALVE, HANDY, HAPPY, HARDY, HARSH, HASTE, HATCH, HATER, HAUNT, HAVEN, HAVOC, HAZEL, HEADY, HEARD, HEART, HEATH, HEAVE, HEAVY, HEFTY, HEIST, HELIX, HELLO, HENCE, HERON, HILLY, HINGE, HIPPO, HITCH, HOARD, HOBBY, HOLLY, HOMER, HONEY, HORDE, HORSE, HOTEL, HOUND, HOUSE, HOVEL, HOVER, HOWDY, HUMAN, HUMID, HUMOR, HUMPH, HUNCH, HUNKY, HURRY, HUTCH, HYENA, HYPER, ICING, IDEAL, IDIOM, IDLER, IGLOO, IMAGE, IMBUE, IMPEL, INANE, INBOX, INCUR, INDEX, INDIE, INEPT, INERT, INFER, INLAY, INNER, INPUT, INTER, INTRO, IONIC, IRATE, IRONY, ISLET, ISSUE, ITCHY, IVORY, JAUNT, JAZZY, JELLY, JERKY, JEWEL, JIFFY, JOINT, JOKER, JOLLY, JOUST, JUDGE, JUICE, JUMPY, KARMA, KAYAK, KAZOO, KEBAB, KEFIR, KHAKI, KIOSK, KNACK, KNAVE, KNEAD, KNEEL, KNELL, KNELT, KNIFE, KNOCK, KNOLL, KNOWN, KOALA, KRILL, LABEL, LABOR, LADLE, LAGER, LANKY, LAPEL, LAPSE, LARGE, LARVA, LASER, LASSO, LATER, LATHE, LATTE, LAUGH, LAYER, LEACH, LEAFY, LEAKY, LEAPT, LEARN, LEASE, LEASH, LEAST, LEAVE, LEDGE, LEECH, LEERY, LEFTY, LEGGY, LEMON, LEMUR, LEVEL, LEVER, LIBEL, LIGHT, LILAC, LIMBO, LIMIT, LINEN, LINER, LINGO, LITHE, LIVER, LIVID, LLAMA, LOCAL, LOCUS, LODGE, LOFTY, LOGIC, LOOPY, LORIS, LOSER, LOUSE, LOUSY, LOVER, LOWER, LOWLY, LOYAL, LUCID, LUCKY, LUMPY, LUNAR, LUNCH, LUNGE, LURID, LUSTY, LYING, MACAW, MACHO, MADAM, MADLY, MAGIC, MAGMA, MAIZE, MAJOR, MAKER, MAMBO, MANGA, MANGO, MANIA, MANLY, MANOR, MAPLE, MARCH, MARRY, MARSH, MASON, MASSE, MATCH, MATEY, MATTE, MAUVE, MAXIM, MAYBE, MAYOR, MEALY, MEANT, MEDAL, MEDIA, MEDIC, MELON, MERCY, MERGE, MERIT, MERRY, METAL, METER, METRO, MICRO, MIDGE, MIDST, MIGHT, MIMIC, MINCE, MINER, MINTY, MINUS, MIRTH, MODAL, MODEL, MODEM, MOIST, MOLAR, MOLDY, MOMMY, MONEY, MONTH, MOOSE, MORAL, MOSSY, MOTEL, MOTOR, MOTTO, MOULT, MOUNT, MOURN, MOUSE, MOUTH, MOVIE, MUCKY, MUGGY, MULCH, MUMMY, MUNCH, MURAL, MUSHY, MUSIC, MUSTY, NADIR, NAIVE, NANNY, NASAL, NASTY, NATAL, NAVAL, NAVEL, NEEDY, NEIGH, NERDY, NERVE, NERVY, NEVER, NICER, NICHE, NIGHT, NINJA, NINTH, NOBLE, NOISE, NOISY, NOMAD, NORTH, NOVEL, NUDGE, NURSE, NYLON, NYMPH, OCCUR, OCEAN, OCTET, ODDLY, OFFAL, OFFER, OFTEN, OLDER, OLIVE, OMEGA, ONION, ONSET, OPERA, OPINE, ORDER, ORGAN, OTHER, OTTER, OUGHT, OUNCE, OUTDO, OUTER, OVERT, OWNER, OXIDE, OZONE, PAINT, PANEL, PANIC, PAPAL, PAPER, PARER, PARRY, PARTY, PASTA, PATCH, PATIO, PATSY, PATTY, PAUSE, PEACE, PEACH, PEARL, PEDAL, PENNE, PERCH, PERIL, PERKY, PESKY, PETAL, PETTY, PHASE, PHONE, PHONY, PHOTO, PIANO, PICKY, PIECE, PIETY, PILOT, PINCH, PINEY, PINKY, PINTO, PIOUS, PIPER, PIQUE, PITCH, PITHY, PIXEL, PIXIE, PLACE, PLAID, PLAIN, PLAIT, PLANE, PLANK, PLANT, PLATE, PLAZA, PLEAD, PLEAT, PLUCK, PLUMB, PLUMP, PLUNK, POINT, POISE, POKER, POLAR, POLKA, POLYP, POPPY, PORCH, POUND, POUTY, POWER, PRANK, PREEN, PRESS, PRICE, PRICK, PRIDE, PRIME, PRIMO, PRIMP, PRINT, PRIOR, PRIZE, PROBE, PRONE, PRONG, PROSE, PROUD, PROVE, PROWL, PROXY, PRUNE, PSALM, PULPY, PUPIL, PURGE, QUAIL, QUAKE, QUALM, QUART, QUASH, QUEEN, QUERY, QUEST, QUEUE, QUICK, QUIET, QUILL, QUIRK, QUITE, QUOTA, QUOTE, RABID, RADIO, RAINY, RAISE, RAMEN, RANCH, RANGE, RAPID, RATIO, RATTY, RAYON, REACH, REACT, READY, REALM, REBEL, REBUS, REBUT, RECAP, RECUR, REFER, REGAL, RELAX, RELAY, RELIC, REMIT, RENEW, REPAY, REPEL, RERUN, RESIN, RETCH, RETRO, RETRY, REUSE, REVEL, REVUE, RHINO, RHYME, RIDER, RIDGE, RIGHT, RIGID, RIPER, RISEN, RIVAL, RIVET, ROACH, ROBIN, ROBOT, ROCKY, RODEO, ROGUE, ROOMY, ROUGE, ROUGH, ROUND, ROUSE, ROUTE, ROVER, ROWDY, ROWER, ROYAL, RUDDY, RUDER, RUMBA, RUPEE, RUSTY, SAINT, SALAD, SALLY, SALSA, SALTY, SANDY, SASSY, SAUCY, SAUNA, SAUTE, SAVOR, SAVVY, SCALD, SCALE, SCANT, SCARE, SCARF, SCENT, SCOFF, SCOLD, SCONE, SCOPE, SCORE, SCORN, SCOUR, SCOUT, SCOWL, SCRAM, SCRAP, SCRUB, SCRUM, SEDAN, SEEDY, SENSE, SERUM, SERVE, SEVEN, SEVER, SHADE, SHAFT, SHAKE, SHAKY, SHALL, SHAME, SHANK, SHAPE, SHARD, SHARE, SHARP, SHAVE, SHAWL, SHEAR, SHEET, SHELF, SHELL, SHIFT, SHINE, SHIRE, SHIRK, SHORE, SHORN, SHORT, SHOUT, SHOVE, SHOWN, SHOWY, SHRUB, SHRUG, SHUCK, SHUNT, SHUSH, SHYLY, SIEGE, SIGHT, SILLY, SINCE, SISSY, SIXTH, SKATE, SKIER, SKIFF, SKILL, SKIMP, SKIRT, SKUNK, SLANG, SLATE, SLEEK, SLEEP, SLICE, SLOPE, SLOSH, SLOTH, SLUMP, SLUNG, SMALL, SMART, SMASH, SMEAR, SMELT, SMILE, SMIRK, SMITE, SMITH, SMOCK, SMOKE, SNACK, SNAFU, SNAIL, SNAKE, SNAKY, SNARE, SNARL, SNEAK, SNOOP, SNORT, SNOUT, SOGGY, SOLAR, SOLID, SOLVE, SONIC, SORRY, SOUND, SOUTH, SOWER, SPACE, SPADE, SPARE, SPARK, SPASM, SPATE, SPEAK, SPEAR, SPECK, SPELL, SPELT, SPEND, SPENT, SPICE, SPICY, SPIEL, SPIKE, SPILL, SPINE, SPIRE, SPITE, SPLAT, SPLIT, SPOIL, SPOKE, SPOOF, SPOON, SPORE, SPORT, SPOUT, SPRAY, SPRIG, SPURT, SQUAD, SQUAT, SQUID, STACK, STAFF, STAGE, STAID, STAIN, STAIR, STAKE, STALE, STALL, STAMP, STAND, STARE, STARK, START, STASH, STATE, STEAD, STEAM, STEED, STEEL, STEEP, STEIN, STERN, STICK, STIFF, STILL, STILT, STING, STINK, STINT, STOCK, STOIC, STOLE, STOMP, STONE, STONY, STOOD, STOOL, STORE, STORK, STORM, STORY, STOUT, STOVE, STRAP, STRAW, STRAY, STUDY, STUMP, STUNG, STUNT, STYLE, SUAVE, SUEDE, SUGAR, SUITE, SULKY, SUNNY, SUPER, SURER, SURLY, SUSHI, SWATH, SWEAT, SWEEP, SWEET, SWELL, SWILL, SWINE, SWIRL, SWISH, SWOON, SWORD, SWUNG, SYRUP, TABBY, TABLE, TABOO, TACIT, TACKY, TAFFY, TAKEN, TALLY, TALON, TANGY, TAPER, TAPIR, TARDY, TASTE, TASTY, TAUNT, TAUPE, TAWNY, TEACH, TEARY, TEASE, TEETH, TEMPO, TENOR, TENTH, TEPID, TERSE, THANK, THEIR, THEME, THERE, THESE, THIEF, THIGH, THING, THINK, THIRD, THORN, THOSE, THREE, THREW, THROB, THROW, THRUM, THUMB, THUMP, THYME, TIARA, TIBIA, TIDAL, TIGER, TILDE, TIMER, TINGE, TIPSY, TITAN, TITHE, TITLE, TIZZY, TOAST, TODAY, TONIC, TOOTH, TOPAZ, TOPIC, TORCH, TORSO, TOTAL, TOTEM, TOUCH, TOUGH, TOWEL, TOWER, TOXIC, TOXIN, TRACE, TRACK, TRACT, TRADE, TRAIL, TRAIN, TRAIT, TRASH, TRAWL, TREAT, TREND, TRIAD, TRICE, TRICK, TRIPE, TRITE, TROLL, TROOP, TROPE, TROUT, TROVE, TRULY, TRUSS, TRUST, TRUTH, TRYST, TUBER, TULIP, TUNIC, TURBO, TUTOR, TWANG, TWEAK, TWEED, TWICE, TWINE, TWIRL, TWIST, UDDER, ULCER, ULTRA, UNCLE, UNDER, UNDID, UNDUE, UNFED, UNFIT, UNIFY, UNION, UNITE, UNLIT, UNMET, UNTIE, UNTIL, UNZIP, UPPER, UPSET, URBAN, USAGE, USHER, USING, USUAL, USURP, UTTER, UVULA, VAGUE, VALET, VALID, VALUE, VAPID, VAULT, VENOM, VENUE, VERGE, VERSE, VERVE, VIDEO, VIGOR, VILLA, VINYL, VIOLA, VIRAL, VISOR, VITAL, VIVID, VIXEN, VODKA, VOICE, VOILA, VOTER, VOUCH, VOWEL, VYING, WACKY, WAFER, WAGON, WAIST, WALTZ, WASTE, WATCH, WATER, WEARY, WEDGE, WEEDY, WEIRD, WHACK, WHALE, WHEAT, WHEEL, WHELP, WHERE, WHICH, WHIFF, WHILE, WHINE, WHINY, WHIRL, WHISK, WHOLE, WHOOP, WHOSE, WIDEN, WIDTH, WIELD, WINCE, WINDY, WITCH, WITTY, WOKEN, WOMAN, WOOER, WORDY, WORLD, WORRY, WORSE, WORST, WOULD, WOUND, WOVEN, WRATH, WREAK, WRIST, WRITE, WRONG, WROTE, WRUNG, YACHT, YEARN, YEAST, YIELD, YOUNG, YOUTH, ZEBRA, ZESTY

OOMPH
FLUTE
GRAVY
SNIDE
ERASE
GUESS
TRUCK
MISER
SWING
DODGY
SEGUE
GRASS
RUGBY
MYRRH
WHITE
QUILT
CONCH
GLINT
SPOOL
PRISM
SPEED
BATCH
ABBOT
FRUIT
DECOR
SIREN
FABLE
PROOF
SITAR
POSSE
FILLY
PECAN
BLAST
EIGHT
MANIC
QUARK
TRIAL
GUMBO
AVOID
CHASM
RACER
FIERY
SUMAC
WAXEN
SULLY
CUBIC
CLINK
BARON
CLIFF
STRUT
FREAK
DUSKY
CRUEL
FLAKY
JUMBO
ALLOT
SPINY
WEIGH
CHIDE
SWOOP
GAVEL
BLEAT
EMBED
CELLO
SCENE
VEGAN
SURGE
MOOCH
BLOOM
SKULL
ROOST
MOGUL
HOIST
STANK
GUAVA
ATTIC
BUYER
SHRED
LANCE